{
  "timestamp": "2026-01-05T09:08:27.886964",
  "test_samples": 7,
  "scores": {
    "faithfulness": 0.6571428571428571,
    "answer_relevancy": 0.4714285714285715,
    "context_precision": 1.0,
    "context_recall": 1.0
  }
}